{"cameraMode":{"drawMode":0,"name":"Shaded","section":"Shading Mode"},"sceneLighting":false,"audioPlay":false,"sceneViewState":{"m_AlwaysRefresh":false,"showFog":true,"showSkybox":false,"showFlares":true,"showImageEffects":true,"showParticleSystems":true,"showVisualEffectGraphs":true,"m_FxEnabled":true},"in2DMode":false,"pivot":{"x":0.18291127681732179,"y":1.2073413133621216,"z":0.1204080581665039},"rotation":{"x":0.2420710325241089,"y":-3.1178974069234758e-8,"z":2.2862929327516214e-9,"w":0.9702576994895935},"size":4.087325572967529,"orthographic":false}