{"cameraMode":{"drawMode":0,"name":"Shaded","section":"Shading Mode"},"sceneLighting":false,"audioPlay":false,"sceneViewState":{"m_AlwaysRefresh":false,"showFog":true,"showSkybox":false,"showFlares":true,"showImageEffects":true,"showParticleSystems":true,"showVisualEffectGraphs":true,"m_FxEnabled":true},"in2DMode":false,"pivot":{"x":-0.1413208246231079,"y":1.0770647525787354,"z":0.07586431503295899},"rotation":{"x":0.2420710325241089,"y":-3.1178974069234758e-8,"z":2.2862929327516214e-9,"w":0.9702576994895935},"size":3.6523165702819826,"orthographic":false}