{"cameraMode":{"drawMode":0,"name":"Shaded","section":"Shading Mode"},"sceneLighting":false,"audioPlay":false,"sceneViewState":{"m_AlwaysRefresh":false,"showFog":true,"showSkybox":false,"showFlares":true,"showImageEffects":true,"showParticleSystems":true,"showVisualEffectGraphs":true,"m_FxEnabled":true},"in2DMode":false,"pivot":{"x":-0.25841212272644045,"y":1.444656491279602,"z":-0.00048804283142089844},"rotation":{"x":0.2420710325241089,"y":-3.1178974069234758e-8,"z":2.2862929327516214e-9,"w":0.9702576994895935},"size":4.059020519256592,"orthographic":false}